,bin,filename,url
0,3413859,no co,
1,3423827,320244099F,https://a810-bisweb.nyc.gov/bisweb/CofoDocumentContentServlet?cofomatadata1=cofo&cofomatadata2=B&cofomatadata3=320&cofomatadata4=244000&cofomatadata5=320244099F.PDF
2,3424197,no co,
3,3396738,320249076,https://a810-bisweb.nyc.gov/bisweb/CofoDocumentContentServlet?cofomatadata1=cofo&cofomatadata2=B&cofomatadata3=320&cofomatadata4=249000&cofomatadata5=320249076.PDF
4,3396739,320249085,https://a810-bisweb.nyc.gov/bisweb/CofoDocumentContentServlet?cofomatadata1=cofo&cofomatadata2=B&cofomatadata3=320&cofomatadata4=249000&cofomatadata5=320249085.PDF
5,3403068,320249138,https://a810-bisweb.nyc.gov/bisweb/CofoDocumentContentServlet?cofomatadata1=cofo&cofomatadata2=B&cofomatadata3=320&cofomatadata4=249000&cofomatadata5=320249138.PDF
6,3396737,320249147,https://a810-bisweb.nyc.gov/bisweb/CofoDocumentContentServlet?cofomatadata1=cofo&cofomatadata2=B&cofomatadata3=320&cofomatadata4=249000&cofomatadata5=320249147.PDF
7,3426516,320250474F,https://a810-bisweb.nyc.gov/bisweb/CofoDocumentContentServlet?cofomatadata1=cofo&cofomatadata2=B&cofomatadata3=320&cofomatadata4=250000&cofomatadata5=320250474F.PDF
8,3424973,320250526,https://a810-bisweb.nyc.gov/bisweb/CofoDocumentContentServlet?cofomatadata1=cofo&cofomatadata2=B&cofomatadata3=320&cofomatadata4=250000&cofomatadata5=320250526.PDF
9,3417448,320257459,https://a810-bisweb.nyc.gov/bisweb/CofoDocumentContentServlet?cofomatadata1=cofo&cofomatadata2=B&cofomatadata3=320&cofomatadata4=257000&cofomatadata5=320257459.PDF
10,3077259,320258289,https://a810-bisweb.nyc.gov/bisweb/CofoDocumentContentServlet?cofomatadata1=cofo&cofomatadata2=B&cofomatadata3=320&cofomatadata4=258000&cofomatadata5=320258289.PDF
11,3398506,320259714,https://a810-bisweb.nyc.gov/bisweb/CofoDocumentContentServlet?cofomatadata1=cofo&cofomatadata2=B&cofomatadata3=320&cofomatadata4=259000&cofomatadata5=320259714.PDF
12,3425796,320260891F,https://a810-bisweb.nyc.gov/bisweb/CofoDocumentContentServlet?cofomatadata1=cofo&cofomatadata2=B&cofomatadata3=320&cofomatadata4=260000&cofomatadata5=320260891F.PDF
13,3397101,320262728F,https://a810-bisweb.nyc.gov/bisweb/CofoDocumentContentServlet?cofomatadata1=cofo&cofomatadata2=B&cofomatadata3=320&cofomatadata4=262000&cofomatadata5=320262728F.PDF
14,3251778,320262746F,https://a810-bisweb.nyc.gov/bisweb/CofoDocumentContentServlet?cofomatadata1=cofo&cofomatadata2=B&cofomatadata3=320&cofomatadata4=262000&cofomatadata5=320262746F.PDF
15,3023346,320263095,https://a810-bisweb.nyc.gov/bisweb/CofoDocumentContentServlet?cofomatadata1=cofo&cofomatadata2=B&cofomatadata3=320&cofomatadata4=263000&cofomatadata5=320263095.PDF
16,3397046,320264094,https://a810-bisweb.nyc.gov/bisweb/CofoDocumentContentServlet?cofomatadata1=cofo&cofomatadata2=B&cofomatadata3=320&cofomatadata4=264000&cofomatadata5=320264094.PDF
17,3395346,320265306,https://a810-bisweb.nyc.gov/bisweb/CofoDocumentContentServlet?cofomatadata1=cofo&cofomatadata2=B&cofomatadata3=320&cofomatadata4=265000&cofomatadata5=320265306.PDF
18,3395348,320265315,https://a810-bisweb.nyc.gov/bisweb/CofoDocumentContentServlet?cofomatadata1=cofo&cofomatadata2=B&cofomatadata3=320&cofomatadata4=265000&cofomatadata5=320265315.PDF
19,3395350,320265324,https://a810-bisweb.nyc.gov/bisweb/CofoDocumentContentServlet?cofomatadata1=cofo&cofomatadata2=B&cofomatadata3=320&cofomatadata4=265000&cofomatadata5=320265324.PDF
20,3395352,320265333,https://a810-bisweb.nyc.gov/bisweb/CofoDocumentContentServlet?cofomatadata1=cofo&cofomatadata2=B&cofomatadata3=320&cofomatadata4=265000&cofomatadata5=320265333.PDF
21,3395345,320265342,https://a810-bisweb.nyc.gov/bisweb/CofoDocumentContentServlet?cofomatadata1=cofo&cofomatadata2=B&cofomatadata3=320&cofomatadata4=265000&cofomatadata5=320265342.PDF
22,3395347,320265351,https://a810-bisweb.nyc.gov/bisweb/CofoDocumentContentServlet?cofomatadata1=cofo&cofomatadata2=B&cofomatadata3=320&cofomatadata4=265000&cofomatadata5=320265351.PDF
23,3395349,320265360,https://a810-bisweb.nyc.gov/bisweb/CofoDocumentContentServlet?cofomatadata1=cofo&cofomatadata2=B&cofomatadata3=320&cofomatadata4=265000&cofomatadata5=320265360.PDF
24,3395351,320265379F,https://a810-bisweb.nyc.gov/bisweb/CofoDocumentContentServlet?cofomatadata1=cofo&cofomatadata2=B&cofomatadata3=320&cofomatadata4=265000&cofomatadata5=320265379F.PDF
25,3016395,320265823F,https://a810-bisweb.nyc.gov/bisweb/CofoDocumentContentServlet?cofomatadata1=cofo&cofomatadata2=B&cofomatadata3=320&cofomatadata4=265000&cofomatadata5=320265823F.PDF
26,3251772,320266074F,https://a810-bisweb.nyc.gov/bisweb/CofoDocumentContentServlet?cofomatadata1=cofo&cofomatadata2=B&cofomatadata3=320&cofomatadata4=266000&cofomatadata5=320266074F.PDF
27,3397100,320266083F,https://a810-bisweb.nyc.gov/bisweb/CofoDocumentContentServlet?cofomatadata1=cofo&cofomatadata2=B&cofomatadata3=320&cofomatadata4=266000&cofomatadata5=320266083F.PDF
28,3398932,320267858,https://a810-bisweb.nyc.gov/bisweb/CofoDocumentContentServlet?cofomatadata1=cofo&cofomatadata2=B&cofomatadata3=320&cofomatadata4=267000&cofomatadata5=320267858.PDF
29,3398951,320268722,https://a810-bisweb.nyc.gov/bisweb/CofoDocumentContentServlet?cofomatadata1=cofo&cofomatadata2=B&cofomatadata3=320&cofomatadata4=268000&cofomatadata5=320268722.PDF
30,3049006,320269348,https://a810-bisweb.nyc.gov/bisweb/CofoDocumentContentServlet?cofomatadata1=cofo&cofomatadata2=B&cofomatadata3=320&cofomatadata4=269000&cofomatadata5=320269348.PDF
31,3424195,320269829-02,https://a810-bisweb.nyc.gov/bisweb/CofoDocumentContentServlet?cofomatadata1=cofo&cofomatadata2=B&cofomatadata3=320&cofomatadata4=269000&cofomatadata5=320269829-02.PDF
32,3145711,320270577,https://a810-bisweb.nyc.gov/bisweb/CofoDocumentContentServlet?cofomatadata1=cofo&cofomatadata2=B&cofomatadata3=320&cofomatadata4=270000&cofomatadata5=320270577.PDF
33,3140865,320271219,https://a810-bisweb.nyc.gov/bisweb/CofoDocumentContentServlet?cofomatadata1=cofo&cofomatadata2=B&cofomatadata3=320&cofomatadata4=271000&cofomatadata5=320271219.PDF
34,3397045,320272584,https://a810-bisweb.nyc.gov/bisweb/CofoDocumentContentServlet?cofomatadata1=cofo&cofomatadata2=B&cofomatadata3=320&cofomatadata4=272000&cofomatadata5=320272584.PDF
35,3191872,320275091,https://a810-bisweb.nyc.gov/bisweb/CofoDocumentContentServlet?cofomatadata1=cofo&cofomatadata2=B&cofomatadata3=320&cofomatadata4=275000&cofomatadata5=320275091.PDF
36,3413809,320275527,https://a810-bisweb.nyc.gov/bisweb/CofoDocumentContentServlet?cofomatadata1=cofo&cofomatadata2=B&cofomatadata3=320&cofomatadata4=275000&cofomatadata5=320275527.PDF
37,3421789,320276312F,https://a810-bisweb.nyc.gov/bisweb/CofoDocumentContentServlet?cofomatadata1=cofo&cofomatadata2=B&cofomatadata3=320&cofomatadata4=276000&cofomatadata5=320276312F.PDF
38,3412848,320276740,https://a810-bisweb.nyc.gov/bisweb/CofoDocumentContentServlet?cofomatadata1=cofo&cofomatadata2=B&cofomatadata3=320&cofomatadata4=276000&cofomatadata5=320276740.PDF
39,3397931,320277080,https://a810-bisweb.nyc.gov/bisweb/CofoDocumentContentServlet?cofomatadata1=cofo&cofomatadata2=B&cofomatadata3=320&cofomatadata4=277000&cofomatadata5=320277080.PDF
40,3397929,320277099,https://a810-bisweb.nyc.gov/bisweb/CofoDocumentContentServlet?cofomatadata1=cofo&cofomatadata2=B&cofomatadata3=320&cofomatadata4=277000&cofomatadata5=320277099.PDF
41,3397930,320277204,https://a810-bisweb.nyc.gov/bisweb/CofoDocumentContentServlet?cofomatadata1=cofo&cofomatadata2=B&cofomatadata3=320&cofomatadata4=277000&cofomatadata5=320277204.PDF
42,3424097,no co,
43,3397179,320282225,https://a810-bisweb.nyc.gov/bisweb/CofoDocumentContentServlet?cofomatadata1=cofo&cofomatadata2=B&cofomatadata3=320&cofomatadata4=282000&cofomatadata5=320282225.PDF
44,3397180,320282234,https://a810-bisweb.nyc.gov/bisweb/CofoDocumentContentServlet?cofomatadata1=cofo&cofomatadata2=B&cofomatadata3=320&cofomatadata4=282000&cofomatadata5=320282234.PDF
45,3397181,320282243,https://a810-bisweb.nyc.gov/bisweb/CofoDocumentContentServlet?cofomatadata1=cofo&cofomatadata2=B&cofomatadata3=320&cofomatadata4=282000&cofomatadata5=320282243.PDF
46,3426264,320283046,https://a810-bisweb.nyc.gov/bisweb/CofoDocumentContentServlet?cofomatadata1=cofo&cofomatadata2=B&cofomatadata3=320&cofomatadata4=283000&cofomatadata5=320283046.PDF
47,3426262,320283055,https://a810-bisweb.nyc.gov/bisweb/CofoDocumentContentServlet?cofomatadata1=cofo&cofomatadata2=B&cofomatadata3=320&cofomatadata4=283000&cofomatadata5=320283055.PDF
48,3426263,320283064,https://a810-bisweb.nyc.gov/bisweb/CofoDocumentContentServlet?cofomatadata1=cofo&cofomatadata2=B&cofomatadata3=320&cofomatadata4=283000&cofomatadata5=320283064.PDF
49,3395305,320283073,https://a810-bisweb.nyc.gov/bisweb/CofoDocumentContentServlet?cofomatadata1=cofo&cofomatadata2=B&cofomatadata3=320&cofomatadata4=283000&cofomatadata5=320283073.PDF
50,3426265,320283082,https://a810-bisweb.nyc.gov/bisweb/CofoDocumentContentServlet?cofomatadata1=cofo&cofomatadata2=B&cofomatadata3=320&cofomatadata4=283000&cofomatadata5=320283082.PDF
51,3397182,320285570,https://a810-bisweb.nyc.gov/bisweb/CofoDocumentContentServlet?cofomatadata1=cofo&cofomatadata2=B&cofomatadata3=320&cofomatadata4=285000&cofomatadata5=320285570.PDF
52,3056271,320285589,https://a810-bisweb.nyc.gov/bisweb/CofoDocumentContentServlet?cofomatadata1=cofo&cofomatadata2=B&cofomatadata3=320&cofomatadata4=285000&cofomatadata5=320285589.PDF
53,3397183,320285598,https://a810-bisweb.nyc.gov/bisweb/CofoDocumentContentServlet?cofomatadata1=cofo&cofomatadata2=B&cofomatadata3=320&cofomatadata4=285000&cofomatadata5=320285598.PDF
54,3397184,320285605,https://a810-bisweb.nyc.gov/bisweb/CofoDocumentContentServlet?cofomatadata1=cofo&cofomatadata2=B&cofomatadata3=320&cofomatadata4=285000&cofomatadata5=320285605.PDF
55,3422148,320286212,https://a810-bisweb.nyc.gov/bisweb/CofoDocumentContentServlet?cofomatadata1=cofo&cofomatadata2=B&cofomatadata3=320&cofomatadata4=286000&cofomatadata5=320286212.PDF
56,3027675,320286294,https://a810-bisweb.nyc.gov/bisweb/CofoDocumentContentServlet?cofomatadata1=cofo&cofomatadata2=B&cofomatadata3=320&cofomatadata4=286000&cofomatadata5=320286294.PDF
57,3330793,320286631,https://a810-bisweb.nyc.gov/bisweb/CofoDocumentContentServlet?cofomatadata1=cofo&cofomatadata2=B&cofomatadata3=320&cofomatadata4=286000&cofomatadata5=320286631.PDF
58,3330792,no co,
59,3413881,320286659,https://a810-bisweb.nyc.gov/bisweb/CofoDocumentContentServlet?cofomatadata1=cofo&cofomatadata2=B&cofomatadata3=320&cofomatadata4=286000&cofomatadata5=320286659.PDF
60,3413882,320286668,https://a810-bisweb.nyc.gov/bisweb/CofoDocumentContentServlet?cofomatadata1=cofo&cofomatadata2=B&cofomatadata3=320&cofomatadata4=286000&cofomatadata5=320286668.PDF
61,3397898,320286677,https://a810-bisweb.nyc.gov/bisweb/CofoDocumentContentServlet?cofomatadata1=cofo&cofomatadata2=B&cofomatadata3=320&cofomatadata4=286000&cofomatadata5=320286677.PDF
62,3403720,320288899,https://a810-bisweb.nyc.gov/bisweb/CofoDocumentContentServlet?cofomatadata1=cofo&cofomatadata2=B&cofomatadata3=320&cofomatadata4=288000&cofomatadata5=320288899.PDF
63,3421420,320291901F,https://a810-bisweb.nyc.gov/bisweb/CofoDocumentContentServlet?cofomatadata1=cofo&cofomatadata2=B&cofomatadata3=320&cofomatadata4=291000&cofomatadata5=320291901F.PDF
64,3018305,320293133,https://a810-bisweb.nyc.gov/bisweb/CofoDocumentContentServlet?cofomatadata1=cofo&cofomatadata2=B&cofomatadata3=320&cofomatadata4=293000&cofomatadata5=320293133.PDF
65,3423390,320297013,https://a810-bisweb.nyc.gov/bisweb/CofoDocumentContentServlet?cofomatadata1=cofo&cofomatadata2=B&cofomatadata3=320&cofomatadata4=297000&cofomatadata5=320297013.PDF
66,3055691,320297898,https://a810-bisweb.nyc.gov/bisweb/CofoDocumentContentServlet?cofomatadata1=cofo&cofomatadata2=B&cofomatadata3=320&cofomatadata4=297000&cofomatadata5=320297898.PDF
67,3397426,320300189,https://a810-bisweb.nyc.gov/bisweb/CofoDocumentContentServlet?cofomatadata1=cofo&cofomatadata2=B&cofomatadata3=320&cofomatadata4=300000&cofomatadata5=320300189.PDF
68,3397427,320300198,https://a810-bisweb.nyc.gov/bisweb/CofoDocumentContentServlet?cofomatadata1=cofo&cofomatadata2=B&cofomatadata3=320&cofomatadata4=300000&cofomatadata5=320300198.PDF
69,3397429,320300205,https://a810-bisweb.nyc.gov/bisweb/CofoDocumentContentServlet?cofomatadata1=cofo&cofomatadata2=B&cofomatadata3=320&cofomatadata4=300000&cofomatadata5=320300205.PDF
70,3397428,320300214,https://a810-bisweb.nyc.gov/bisweb/CofoDocumentContentServlet?cofomatadata1=cofo&cofomatadata2=B&cofomatadata3=320&cofomatadata4=300000&cofomatadata5=320300214.PDF
71,3425082,320300900,https://a810-bisweb.nyc.gov/bisweb/CofoDocumentContentServlet?cofomatadata1=cofo&cofomatadata2=B&cofomatadata3=320&cofomatadata4=300000&cofomatadata5=320300900.PDF
72,3396510,320305013,https://a810-bisweb.nyc.gov/bisweb/CofoDocumentContentServlet?cofomatadata1=cofo&cofomatadata2=B&cofomatadata3=320&cofomatadata4=305000&cofomatadata5=320305013.PDF
73,3397439,320305022,https://a810-bisweb.nyc.gov/bisweb/CofoDocumentContentServlet?cofomatadata1=cofo&cofomatadata2=B&cofomatadata3=320&cofomatadata4=305000&cofomatadata5=320305022.PDF
74,3421785,320311284,https://a810-bisweb.nyc.gov/bisweb/CofoDocumentContentServlet?cofomatadata1=cofo&cofomatadata2=B&cofomatadata3=320&cofomatadata4=311000&cofomatadata5=320311284.PDF
75,3397896,320311462,https://a810-bisweb.nyc.gov/bisweb/CofoDocumentContentServlet?cofomatadata1=cofo&cofomatadata2=B&cofomatadata3=320&cofomatadata4=311000&cofomatadata5=320311462.PDF
76,3064031,320311658F,https://a810-bisweb.nyc.gov/bisweb/CofoDocumentContentServlet?cofomatadata1=cofo&cofomatadata2=B&cofomatadata3=320&cofomatadata4=311000&cofomatadata5=320311658F.PDF
77,3073439,320313380,https://a810-bisweb.nyc.gov/bisweb/CofoDocumentContentServlet?cofomatadata1=cofo&cofomatadata2=B&cofomatadata3=320&cofomatadata4=313000&cofomatadata5=320313380.PDF
78,3423715,320313399,https://a810-bisweb.nyc.gov/bisweb/CofoDocumentContentServlet?cofomatadata1=cofo&cofomatadata2=B&cofomatadata3=320&cofomatadata4=313000&cofomatadata5=320313399.PDF
79,3075054,320313406,https://a810-bisweb.nyc.gov/bisweb/CofoDocumentContentServlet?cofomatadata1=cofo&cofomatadata2=B&cofomatadata3=320&cofomatadata4=313000&cofomatadata5=320313406.PDF
80,3072450,320313415,https://a810-bisweb.nyc.gov/bisweb/CofoDocumentContentServlet?cofomatadata1=cofo&cofomatadata2=B&cofomatadata3=320&cofomatadata4=313000&cofomatadata5=320313415.PDF
81,3422079,320313424,https://a810-bisweb.nyc.gov/bisweb/CofoDocumentContentServlet?cofomatadata1=cofo&cofomatadata2=B&cofomatadata3=320&cofomatadata4=313000&cofomatadata5=320313424.PDF
82,3422257,320313433,https://a810-bisweb.nyc.gov/bisweb/CofoDocumentContentServlet?cofomatadata1=cofo&cofomatadata2=B&cofomatadata3=320&cofomatadata4=313000&cofomatadata5=320313433.PDF
83,3398148,320313442,https://a810-bisweb.nyc.gov/bisweb/CofoDocumentContentServlet?cofomatadata1=cofo&cofomatadata2=B&cofomatadata3=320&cofomatadata4=313000&cofomatadata5=320313442.PDF
84,3072349,320314218,https://a810-bisweb.nyc.gov/bisweb/CofoDocumentContentServlet?cofomatadata1=cofo&cofomatadata2=B&cofomatadata3=320&cofomatadata4=314000&cofomatadata5=320314218.PDF
85,3397450,320314904,https://a810-bisweb.nyc.gov/bisweb/CofoDocumentContentServlet?cofomatadata1=cofo&cofomatadata2=B&cofomatadata3=320&cofomatadata4=314000&cofomatadata5=320314904.PDF
86,3397451,320314913,https://a810-bisweb.nyc.gov/bisweb/CofoDocumentContentServlet?cofomatadata1=cofo&cofomatadata2=B&cofomatadata3=320&cofomatadata4=314000&cofomatadata5=320314913.PDF
87,3397452,320314922,https://a810-bisweb.nyc.gov/bisweb/CofoDocumentContentServlet?cofomatadata1=cofo&cofomatadata2=B&cofomatadata3=320&cofomatadata4=314000&cofomatadata5=320314922.PDF
88,3397448,320316305,https://a810-bisweb.nyc.gov/bisweb/CofoDocumentContentServlet?cofomatadata1=cofo&cofomatadata2=B&cofomatadata3=320&cofomatadata4=316000&cofomatadata5=320316305.PDF
89,3397449,320316314,https://a810-bisweb.nyc.gov/bisweb/CofoDocumentContentServlet?cofomatadata1=cofo&cofomatadata2=B&cofomatadata3=320&cofomatadata4=316000&cofomatadata5=320316314.PDF
90,3420452,no co,
91,3051349,320318205,https://a810-bisweb.nyc.gov/bisweb/CofoDocumentContentServlet?cofomatadata1=cofo&cofomatadata2=B&cofomatadata3=320&cofomatadata4=318000&cofomatadata5=320318205.PDF
92,3397438,320318214,https://a810-bisweb.nyc.gov/bisweb/CofoDocumentContentServlet?cofomatadata1=cofo&cofomatadata2=B&cofomatadata3=320&cofomatadata4=318000&cofomatadata5=320318214.PDF
93,3398591,320321139F,https://a810-bisweb.nyc.gov/bisweb/CofoDocumentContentServlet?cofomatadata1=cofo&cofomatadata2=B&cofomatadata3=320&cofomatadata4=321000&cofomatadata5=320321139F.PDF
94,3399916,320321219F,https://a810-bisweb.nyc.gov/bisweb/CofoDocumentContentServlet?cofomatadata1=cofo&cofomatadata2=B&cofomatadata3=320&cofomatadata4=321000&cofomatadata5=320321219F.PDF
95,3397477,diff job num,
96,3397478,diff job num,
97,3397464,320324207-15,https://a810-bisweb.nyc.gov/bisweb/CofoDocumentContentServlet?cofomatadata1=cofo&cofomatadata2=B&cofomatadata3=320&cofomatadata4=324000&cofomatadata5=320324207-15.PDF
98,3397474,320324449,https://a810-bisweb.nyc.gov/bisweb/CofoDocumentContentServlet?cofomatadata1=cofo&cofomatadata2=B&cofomatadata3=320&cofomatadata4=324000&cofomatadata5=320324449.PDF
99,3398122,320324458,https://a810-bisweb.nyc.gov/bisweb/CofoDocumentContentServlet?cofomatadata1=cofo&cofomatadata2=B&cofomatadata3=320&cofomatadata4=324000&cofomatadata5=320324458.PDF
100,3413780,no co,
101,3398121,320325439,https://a810-bisweb.nyc.gov/bisweb/CofoDocumentContentServlet?cofomatadata1=cofo&cofomatadata2=B&cofomatadata3=320&cofomatadata4=325000&cofomatadata5=320325439.PDF
102,3067959,320326447,https://a810-bisweb.nyc.gov/bisweb/CofoDocumentContentServlet?cofomatadata1=cofo&cofomatadata2=B&cofomatadata3=320&cofomatadata4=326000&cofomatadata5=320326447.PDF
103,3067960,320326456,https://a810-bisweb.nyc.gov/bisweb/CofoDocumentContentServlet?cofomatadata1=cofo&cofomatadata2=B&cofomatadata3=320&cofomatadata4=326000&cofomatadata5=320326456.PDF
104,3049008,320327339,https://a810-bisweb.nyc.gov/bisweb/CofoDocumentContentServlet?cofomatadata1=cofo&cofomatadata2=B&cofomatadata3=320&cofomatadata4=327000&cofomatadata5=320327339.PDF
105,3396730,320328329,https://a810-bisweb.nyc.gov/bisweb/CofoDocumentContentServlet?cofomatadata1=cofo&cofomatadata2=B&cofomatadata3=320&cofomatadata4=328000&cofomatadata5=320328329.PDF
106,3421999,320328524,https://a810-bisweb.nyc.gov/bisweb/CofoDocumentContentServlet?cofomatadata1=cofo&cofomatadata2=B&cofomatadata3=320&cofomatadata4=328000&cofomatadata5=320328524.PDF
107,3421744,320328775,https://a810-bisweb.nyc.gov/bisweb/CofoDocumentContentServlet?cofomatadata1=cofo&cofomatadata2=B&cofomatadata3=320&cofomatadata4=328000&cofomatadata5=320328775.PDF
108,3420455,320333322,https://a810-bisweb.nyc.gov/bisweb/CofoDocumentContentServlet?cofomatadata1=cofo&cofomatadata2=B&cofomatadata3=320&cofomatadata4=333000&cofomatadata5=320333322.PDF
109,3251328,320333616,https://a810-bisweb.nyc.gov/bisweb/CofoDocumentContentServlet?cofomatadata1=cofo&cofomatadata2=B&cofomatadata3=320&cofomatadata4=333000&cofomatadata5=320333616.PDF
110,3413789,320334811,https://a810-bisweb.nyc.gov/bisweb/CofoDocumentContentServlet?cofomatadata1=cofo&cofomatadata2=B&cofomatadata3=320&cofomatadata4=334000&cofomatadata5=320334811.PDF
111,3414009,320335936,https://a810-bisweb.nyc.gov/bisweb/CofoDocumentContentServlet?cofomatadata1=cofo&cofomatadata2=B&cofomatadata3=320&cofomatadata4=335000&cofomatadata5=320335936.PDF
112,3418332,320336506,https://a810-bisweb.nyc.gov/bisweb/CofoDocumentContentServlet?cofomatadata1=cofo&cofomatadata2=B&cofomatadata3=320&cofomatadata4=336000&cofomatadata5=320336506.PDF
113,3021699,no co,
114,3054991,320338782,https://a810-bisweb.nyc.gov/bisweb/CofoDocumentContentServlet?cofomatadata1=cofo&cofomatadata2=B&cofomatadata3=320&cofomatadata4=338000&cofomatadata5=320338782.PDF
115,3413773,320342884,https://a810-bisweb.nyc.gov/bisweb/CofoDocumentContentServlet?cofomatadata1=cofo&cofomatadata2=B&cofomatadata3=320&cofomatadata4=342000&cofomatadata5=320342884.PDF
116,3421737,320342893,https://a810-bisweb.nyc.gov/bisweb/CofoDocumentContentServlet?cofomatadata1=cofo&cofomatadata2=B&cofomatadata3=320&cofomatadata4=342000&cofomatadata5=320342893.PDF
117,3421740,320342900,https://a810-bisweb.nyc.gov/bisweb/CofoDocumentContentServlet?cofomatadata1=cofo&cofomatadata2=B&cofomatadata3=320&cofomatadata4=342000&cofomatadata5=320342900.PDF
118,3421738,320342919,https://a810-bisweb.nyc.gov/bisweb/CofoDocumentContentServlet?cofomatadata1=cofo&cofomatadata2=B&cofomatadata3=320&cofomatadata4=342000&cofomatadata5=320342919.PDF
119,3421734,320342928,https://a810-bisweb.nyc.gov/bisweb/CofoDocumentContentServlet?cofomatadata1=cofo&cofomatadata2=B&cofomatadata3=320&cofomatadata4=342000&cofomatadata5=320342928.PDF
120,3421735,320342937,https://a810-bisweb.nyc.gov/bisweb/CofoDocumentContentServlet?cofomatadata1=cofo&cofomatadata2=B&cofomatadata3=320&cofomatadata4=342000&cofomatadata5=320342937.PDF
121,3421736,320342946,https://a810-bisweb.nyc.gov/bisweb/CofoDocumentContentServlet?cofomatadata1=cofo&cofomatadata2=B&cofomatadata3=320&cofomatadata4=342000&cofomatadata5=320342946.PDF
122,3421733,320342955,https://a810-bisweb.nyc.gov/bisweb/CofoDocumentContentServlet?cofomatadata1=cofo&cofomatadata2=B&cofomatadata3=320&cofomatadata4=342000&cofomatadata5=320342955.PDF
123,3421739,320342964,https://a810-bisweb.nyc.gov/bisweb/CofoDocumentContentServlet?cofomatadata1=cofo&cofomatadata2=B&cofomatadata3=320&cofomatadata4=342000&cofomatadata5=320342964.PDF
124,3423384,320344711,https://a810-bisweb.nyc.gov/bisweb/CofoDocumentContentServlet?cofomatadata1=cofo&cofomatadata2=B&cofomatadata3=320&cofomatadata4=344000&cofomatadata5=320344711.PDF
125,3397820,320344999,https://a810-bisweb.nyc.gov/bisweb/CofoDocumentContentServlet?cofomatadata1=cofo&cofomatadata2=B&cofomatadata3=320&cofomatadata4=344000&cofomatadata5=320344999.PDF
126,3397821,320345006,https://a810-bisweb.nyc.gov/bisweb/CofoDocumentContentServlet?cofomatadata1=cofo&cofomatadata2=B&cofomatadata3=320&cofomatadata4=345000&cofomatadata5=320345006.PDF
127,3397822,320345015,https://a810-bisweb.nyc.gov/bisweb/CofoDocumentContentServlet?cofomatadata1=cofo&cofomatadata2=B&cofomatadata3=320&cofomatadata4=345000&cofomatadata5=320345015.PDF
128,3397823,320345024,https://a810-bisweb.nyc.gov/bisweb/CofoDocumentContentServlet?cofomatadata1=cofo&cofomatadata2=B&cofomatadata3=320&cofomatadata4=345000&cofomatadata5=320345024.PDF
129,3397824,320345033,https://a810-bisweb.nyc.gov/bisweb/CofoDocumentContentServlet?cofomatadata1=cofo&cofomatadata2=B&cofomatadata3=320&cofomatadata4=345000&cofomatadata5=320345033.PDF
130,3397825,320345042,https://a810-bisweb.nyc.gov/bisweb/CofoDocumentContentServlet?cofomatadata1=cofo&cofomatadata2=B&cofomatadata3=320&cofomatadata4=345000&cofomatadata5=320345042.PDF
131,3397826,320345051,https://a810-bisweb.nyc.gov/bisweb/CofoDocumentContentServlet?cofomatadata1=cofo&cofomatadata2=B&cofomatadata3=320&cofomatadata4=345000&cofomatadata5=320345051.PDF
132,3426435,320350678F,https://a810-bisweb.nyc.gov/bisweb/CofoDocumentContentServlet?cofomatadata1=cofo&cofomatadata2=B&cofomatadata3=320&cofomatadata4=350000&cofomatadata5=320350678F.PDF
133,3398102,320351043,https://a810-bisweb.nyc.gov/bisweb/CofoDocumentContentServlet?cofomatadata1=cofo&cofomatadata2=B&cofomatadata3=320&cofomatadata4=351000&cofomatadata5=320351043.PDF
134,3413762,320351329,https://a810-bisweb.nyc.gov/bisweb/CofoDocumentContentServlet?cofomatadata1=cofo&cofomatadata2=B&cofomatadata3=320&cofomatadata4=351000&cofomatadata5=320351329.PDF
135,3425486,320351631,https://a810-bisweb.nyc.gov/bisweb/CofoDocumentContentServlet?cofomatadata1=cofo&cofomatadata2=B&cofomatadata3=320&cofomatadata4=351000&cofomatadata5=320351631.PDF
136,3397702,320353023,https://a810-bisweb.nyc.gov/bisweb/CofoDocumentContentServlet?cofomatadata1=cofo&cofomatadata2=B&cofomatadata3=320&cofomatadata4=353000&cofomatadata5=320353023.PDF
137,3397897,320353586-02,https://a810-bisweb.nyc.gov/bisweb/CofoDocumentContentServlet?cofomatadata1=cofo&cofomatadata2=B&cofomatadata3=320&cofomatadata4=353000&cofomatadata5=320353586-02.PDF
138,3256244,320354086,https://a810-bisweb.nyc.gov/bisweb/CofoDocumentContentServlet?cofomatadata1=cofo&cofomatadata2=B&cofomatadata3=320&cofomatadata4=354000&cofomatadata5=320354086.PDF
139,3427146,no co,
140,3397863,320354941,https://a810-bisweb.nyc.gov/bisweb/CofoDocumentContentServlet?cofomatadata1=cofo&cofomatadata2=B&cofomatadata3=320&cofomatadata4=354000&cofomatadata5=320354941.PDF
141,3069999,320354996,https://a810-bisweb.nyc.gov/bisweb/CofoDocumentContentServlet?cofomatadata1=cofo&cofomatadata2=B&cofomatadata3=320&cofomatadata4=354000&cofomatadata5=320354996.PDF
142,3061842,no co,
143,3397870,320355021,https://a810-bisweb.nyc.gov/bisweb/CofoDocumentContentServlet?cofomatadata1=cofo&cofomatadata2=B&cofomatadata3=320&cofomatadata4=355000&cofomatadata5=320355021.PDF
144,3412928,320355030,https://a810-bisweb.nyc.gov/bisweb/CofoDocumentContentServlet?cofomatadata1=cofo&cofomatadata2=B&cofomatadata3=320&cofomatadata4=355000&cofomatadata5=320355030.PDF
145,3413794,320355316,https://a810-bisweb.nyc.gov/bisweb/CofoDocumentContentServlet?cofomatadata1=cofo&cofomatadata2=B&cofomatadata3=320&cofomatadata4=355000&cofomatadata5=320355316.PDF
146,3138043,320355502,https://a810-bisweb.nyc.gov/bisweb/CofoDocumentContentServlet?cofomatadata1=cofo&cofomatadata2=B&cofomatadata3=320&cofomatadata4=355000&cofomatadata5=320355502.PDF
147,3059649,320357467F,https://a810-bisweb.nyc.gov/bisweb/CofoDocumentContentServlet?cofomatadata1=cofo&cofomatadata2=B&cofomatadata3=320&cofomatadata4=357000&cofomatadata5=320357467F.PDF
148,3035375,320359303,https://a810-bisweb.nyc.gov/bisweb/CofoDocumentContentServlet?cofomatadata1=cofo&cofomatadata2=B&cofomatadata3=320&cofomatadata4=359000&cofomatadata5=320359303.PDF
149,3399842,320360239F,https://a810-bisweb.nyc.gov/bisweb/CofoDocumentContentServlet?cofomatadata1=cofo&cofomatadata2=B&cofomatadata3=320&cofomatadata4=360000&cofomatadata5=320360239F.PDF
150,3397866,320363085F,https://a810-bisweb.nyc.gov/bisweb/CofoDocumentContentServlet?cofomatadata1=cofo&cofomatadata2=B&cofomatadata3=320&cofomatadata4=363000&cofomatadata5=320363085F.PDF
151,3397867,320363094F,https://a810-bisweb.nyc.gov/bisweb/CofoDocumentContentServlet?cofomatadata1=cofo&cofomatadata2=B&cofomatadata3=320&cofomatadata4=363000&cofomatadata5=320363094F.PDF
152,3426285,320364048,https://a810-bisweb.nyc.gov/bisweb/CofoDocumentContentServlet?cofomatadata1=cofo&cofomatadata2=B&cofomatadata3=320&cofomatadata4=364000&cofomatadata5=320364048.PDF
153,3397894,320366625,https://a810-bisweb.nyc.gov/bisweb/CofoDocumentContentServlet?cofomatadata1=cofo&cofomatadata2=B&cofomatadata3=320&cofomatadata4=366000&cofomatadata5=320366625.PDF
154,3426206,320368277,https://a810-bisweb.nyc.gov/bisweb/CofoDocumentContentServlet?cofomatadata1=cofo&cofomatadata2=B&cofomatadata3=320&cofomatadata4=368000&cofomatadata5=320368277.PDF
155,3413839,320370308,https://a810-bisweb.nyc.gov/bisweb/CofoDocumentContentServlet?cofomatadata1=cofo&cofomatadata2=B&cofomatadata3=320&cofomatadata4=370000&cofomatadata5=320370308.PDF
156,3397860,320372832,https://a810-bisweb.nyc.gov/bisweb/CofoDocumentContentServlet?cofomatadata1=cofo&cofomatadata2=B&cofomatadata3=320&cofomatadata4=372000&cofomatadata5=320372832.PDF
157,3418276,320373056,https://a810-bisweb.nyc.gov/bisweb/CofoDocumentContentServlet?cofomatadata1=cofo&cofomatadata2=B&cofomatadata3=320&cofomatadata4=373000&cofomatadata5=320373056.PDF
158,3421756,320373127,https://a810-bisweb.nyc.gov/bisweb/CofoDocumentContentServlet?cofomatadata1=cofo&cofomatadata2=B&cofomatadata3=320&cofomatadata4=373000&cofomatadata5=320373127.PDF
159,3427041,320373323F,https://a810-bisweb.nyc.gov/bisweb/CofoDocumentContentServlet?cofomatadata1=cofo&cofomatadata2=B&cofomatadata3=320&cofomatadata4=373000&cofomatadata5=320373323F.PDF
160,3413922,320373350,https://a810-bisweb.nyc.gov/bisweb/CofoDocumentContentServlet?cofomatadata1=cofo&cofomatadata2=B&cofomatadata3=320&cofomatadata4=373000&cofomatadata5=320373350.PDF
161,3420463,320373476-05,https://a810-bisweb.nyc.gov/bisweb/CofoDocumentContentServlet?cofomatadata1=cofo&cofomatadata2=B&cofomatadata3=320&cofomatadata4=373000&cofomatadata5=320373476-05.PDF
162,3423914,320373564-26,https://a810-bisweb.nyc.gov/bisweb/CofoDocumentContentServlet?cofomatadata1=cofo&cofomatadata2=B&cofomatadata3=320&cofomatadata4=373000&cofomatadata5=320373564-26.PDF
163,3413702,320373626F,https://a810-bisweb.nyc.gov/bisweb/CofoDocumentContentServlet?cofomatadata1=cofo&cofomatadata2=B&cofomatadata3=320&cofomatadata4=373000&cofomatadata5=320373626F.PDF
164,3426022,320373662F,https://a810-bisweb.nyc.gov/bisweb/CofoDocumentContentServlet?cofomatadata1=cofo&cofomatadata2=B&cofomatadata3=320&cofomatadata4=373000&cofomatadata5=320373662F.PDF
165,3426286,320373742F,https://a810-bisweb.nyc.gov/bisweb/CofoDocumentContentServlet?cofomatadata1=cofo&cofomatadata2=B&cofomatadata3=320&cofomatadata4=373000&cofomatadata5=320373742F.PDF
166,3413996,320373751-F,https://a810-bisweb.nyc.gov/bisweb/CofoDocumentContentServlet?cofomatadata1=cofo&cofomatadata2=B&cofomatadata3=320&cofomatadata4=373000&cofomatadata5=320373751-F.PDF
167,3072951,320373804,https://a810-bisweb.nyc.gov/bisweb/CofoDocumentContentServlet?cofomatadata1=cofo&cofomatadata2=B&cofomatadata3=320&cofomatadata4=373000&cofomatadata5=320373804.PDF
168,3398113,320373886,https://a810-bisweb.nyc.gov/bisweb/CofoDocumentContentServlet?cofomatadata1=cofo&cofomatadata2=B&cofomatadata3=320&cofomatadata4=373000&cofomatadata5=320373886.PDF
169,3398073,320373984,https://a810-bisweb.nyc.gov/bisweb/CofoDocumentContentServlet?cofomatadata1=cofo&cofomatadata2=B&cofomatadata3=320&cofomatadata4=373000&cofomatadata5=320373984.PDF
170,3398074,320373993,https://a810-bisweb.nyc.gov/bisweb/CofoDocumentContentServlet?cofomatadata1=cofo&cofomatadata2=B&cofomatadata3=320&cofomatadata4=373000&cofomatadata5=320373993.PDF
171,3397203,320374064F,https://a810-bisweb.nyc.gov/bisweb/CofoDocumentContentServlet?cofomatadata1=cofo&cofomatadata2=B&cofomatadata3=320&cofomatadata4=374000&cofomatadata5=320374064F.PDF
172,3327821,320374091F,https://a810-bisweb.nyc.gov/bisweb/CofoDocumentContentServlet?cofomatadata1=cofo&cofomatadata2=B&cofomatadata3=320&cofomatadata4=374000&cofomatadata5=320374091F.PDF
173,3419710,320374108,https://a810-bisweb.nyc.gov/bisweb/CofoDocumentContentServlet?cofomatadata1=cofo&cofomatadata2=B&cofomatadata3=320&cofomatadata4=374000&cofomatadata5=320374108.PDF
174,3398135,320374117,https://a810-bisweb.nyc.gov/bisweb/CofoDocumentContentServlet?cofomatadata1=cofo&cofomatadata2=B&cofomatadata3=320&cofomatadata4=374000&cofomatadata5=320374117.PDF
175,3426377,320374126F,https://a810-bisweb.nyc.gov/bisweb/CofoDocumentContentServlet?cofomatadata1=cofo&cofomatadata2=B&cofomatadata3=320&cofomatadata4=374000&cofomatadata5=320374126F.PDF
176,3397486,320374144,https://a810-bisweb.nyc.gov/bisweb/CofoDocumentContentServlet?cofomatadata1=cofo&cofomatadata2=B&cofomatadata3=320&cofomatadata4=374000&cofomatadata5=320374144.PDF
177,3071525,320374180,https://a810-bisweb.nyc.gov/bisweb/CofoDocumentContentServlet?cofomatadata1=cofo&cofomatadata2=B&cofomatadata3=320&cofomatadata4=374000&cofomatadata5=320374180.PDF
178,3420454,320374260,https://a810-bisweb.nyc.gov/bisweb/CofoDocumentContentServlet?cofomatadata1=cofo&cofomatadata2=B&cofomatadata3=320&cofomatadata4=374000&cofomatadata5=320374260.PDF
179,3047608,320374279,https://a810-bisweb.nyc.gov/bisweb/CofoDocumentContentServlet?cofomatadata1=cofo&cofomatadata2=B&cofomatadata3=320&cofomatadata4=374000&cofomatadata5=320374279.PDF
